{"Generator_loss_0": -2.797473192214966, "_timestamp": 1712579593.2021523, "_runtime": 451.3821473121643, "_step": 22046, "Generator_loss_1": -2.8014421463012695, "Generator_loss_2": -2.7428605556488037, "Discriminator_loss_0": 0.6926782727241516, "Discriminator_loss_1": 0.6968186497688293, "Discriminator_loss_2": 0.6716433763504028, "Central_Discriminator_loss": 0.6897702813148499}