{"Generator_loss_0": 4.733367443084717, "_timestamp": 1710773274.6979458, "_runtime": 1427.4465928077698, "_step": 60499, "Generator_loss_1": 10.866966247558594, "Generator_loss_2": 2.138312339782715, "Discriminator_loss_0": 0.028922641649842262, "Discriminator_loss_1": 0.0048467549495399, "Discriminator_loss_2": 0.6707509160041809, "Central_Discriminator_loss": 0.16257146000862122, "_wandb": {"runtime": 1416}}