{"Generator_loss_0": -0.25084948539733887, "_timestamp": 1710645425.1871324, "_runtime": 416.7079493999481, "_step": 225, "Discriminator_loss_0": -2.9092864990234375, "Discriminator_loss_1": -0.08516398072242737, "Discriminator_loss_2": -0.6760704517364502, "Central_Discriminator_loss": 2.081422805786133}