{"Discriminator_loss_0": 0.0046961428597569466, "_timestamp": 1710163976.3723886, "_runtime": 2328.6366996765137, "_step": 2799, "Generator_loss_0": 4.519573211669922, "Discriminator_loss_1": 0.19170449674129486, "Generator_loss_1": 0.8439462184906006, "Discriminator_loss_2": 0.32906582951545715, "Generator_loss_2": 4.643060684204102, "Central_Discriminator_loss": 0.43088269233703613, "_wandb": {"runtime": 2328}}