{"Generator_loss_0": -6.387835502624512, "_timestamp": 1710644992.9501653, "_runtime": 328.58917331695557, "_step": 932, "Generator_loss_1": 4.189424991607666, "Generator_loss_2": 27.556690216064453, "Discriminator_loss_0": -2.0819242000579834, "Discriminator_loss_1": 2.044405221939087, "Discriminator_loss_2": -0.25918856263160706, "Central_Discriminator_loss": 5.649127006530762}