{"Generator_loss_0": -2.8674402236938477, "_timestamp": 1710647611.989998, "_runtime": 775.3185920715332, "_step": 7725, "Generator_loss_1": -2.7675342559814453, "Generator_loss_2": -2.7833995819091797, "Discriminator_loss_0": 0.5604931712150574, "Discriminator_loss_1": 0.7020691633224487, "Discriminator_loss_2": 0.6979615688323975, "Central_Discriminator_loss": 0.6921481490135193}