{"Generator_loss_0": 7.552988529205322, "_timestamp": 1710646562.6682808, "_runtime": 1086.4889998435974, "_step": 3312, "Generator_loss_1": -0.2844243049621582, "Generator_loss_2": 17.152149200439453, "Discriminator_loss_0": -1.3849605321884155, "Discriminator_loss_1": -0.550261378288269, "Discriminator_loss_2": -1.5612653493881226, "Central_Discriminator_loss": 0.29131680727005005}