{"Generator_loss_0": 2.531895875930786, "_timestamp": 1710771816.987545, "_runtime": 1411.7647590637207, "_step": 60499, "Generator_loss_1": 1.0901391506195068, "Generator_loss_2": 5.956681251525879, "Discriminator_loss_0": 0.1363557130098343, "Discriminator_loss_1": 0.48233556747436523, "Discriminator_loss_2": 0.007545242551714182, "Central_Discriminator_loss": 0.16910240054130554, "_wandb": {"runtime": 1401}}