{"Discriminator_loss_0": 0.700654149055481, "_timestamp": 1710158711.5745444, "_runtime": 346.7992675304413, "_step": 2799, "Generator_loss_0": -2.7766098976135254, "Discriminator_loss_1": 0.6660493016242981, "Generator_loss_1": -2.732473134994507, "Discriminator_loss_2": 0.6885356903076172, "Generator_loss_2": -2.730828046798706, "Central_Discriminator_loss": 0.6870885491371155, "_wandb": {"runtime": 346}}