{"Generator_loss_0": -2.7520322799682617, "_timestamp": 1710770360.6048965, "_runtime": 1508.3392045497894, "_step": 60499, "Generator_loss_1": -2.709707736968994, "Generator_loss_2": -2.807204484939575, "Discriminator_loss_0": 0.6860838532447815, "Discriminator_loss_1": 0.6880533695220947, "Discriminator_loss_2": 0.7000996470451355, "Central_Discriminator_loss": 0.6948920488357544, "_wandb": {"runtime": 1497}}