{"Generator_loss_0": -14.532045364379883, "_timestamp": 1710169081.0926, "_runtime": 2316.13743519783, "_step": 11199, "Generator_loss_1": -7.541652679443359, "Generator_loss_2": -19.94158172607422, "Discriminator_loss_0": -8.17263412475586, "Discriminator_loss_1": -10.619695663452148, "Discriminator_loss_2": 0.6512367129325867, "Central_Discriminator_loss": 6.587686538696289, "_wandb": {"runtime": 2315}}